"Term","VIF","VIF_CI_low","VIF_CI_high","SE_factor","Tolerance","Tolerance_CI_low","Tolerance_CI_high"
"Percent_Oak",1.58196334443715,1.35306908714999,1.95924946871545,1.25776124301759,0.632125898186212,0.510399525924401,0.73906056201929
"Percent_Pine",1.64713504337581,1.40184606761207,2.04214971382847,1.28340759050888,0.607114762096553,0.489680062743919,0.71334508338952
"landscape_type",1.57022793695047,1.34430903258685,1.94438387989943,1.2530873620584,0.636850215480238,0.514301733488822,0.743876575816573
"longitude",1.37032857481225,1.19689449241851,1.69653168881417,1.17061034286062,0.72975198677223,0.589437855239221,0.835495531422612
"forest_area_km2",1.78212257662714,1.5033925231305,2.21518635411138,1.33496163863504,0.561128630047775,0.45142928862125,0.665162281050666
"stand_area_ha",1.01470145657997,1.00000120312879,180.642301672656,1.00732390847233,0.985511544814847,0.00553580191760461,0.999998796872655
